{"cameraMode":{"drawMode":0,"name":"Shaded","section":"Shading Mode"},"sceneLighting":false,"audioPlay":false,"sceneViewState":{"showFog":true,"showMaterialUpdate":false,"showSkybox":true,"showFlares":true,"showImageEffects":true,"showParticleSystems":true},"in2DMode":false,"pivot":{"x":-0.23258578777313233,"y":1.012632131576538,"z":0.08313822746276856},"rotation":{"x":-0.07774878293275833,"y":-0.14814874529838563,"z":0.011134644038975239,"w":-0.9859985709190369},"size":3.912513494491577,"orthographic":false}